Title,Price,Area,Bedrooms,Bathrooms,Location
5 Marla Designer House In B-17 Multi Gardens,2.1 Crore,5 Marla,4,4,"MPCHS - Multi Gardens, B-17"
House For Sale FMC,2.4 Crore,5 Marla,4,4,"MPCHS - Multi Gardens, B-17"
Designer 5 Marla House in B-17 Faisal Hills,1.85 Crore,5 Marla,3,4,"MPCHS - Multi Gardens, B-17"
Corner House For Sale In B17 Islamabad Block F,2.5 Crore,5 Marla,5,5,"MPCHS - Block F, MPCHS - Multi Gardens"
Book House Today In MPCHS - Block B,9.5 Crore,1 Kanal,6,6,"MPCHS - Block B, MPCHS - Multi Gardens"
8 Marla Brand New Double Story House. Available For Sale In Multi Gardens. MPCHS B-17 Islamabad.,3.3 Crore,8 Marla,4,6,"MPCHS - Block E, MPCHS - Multi Gardens"
5 Marla House On Installment,2.7 Crore,5 Marla,5,6,"MPCHS - Multi Gardens, B-17"
10 Marla Well Maintained House For Sale,3.5 Crore,10 Marla,7,6,"MPCHS - Multi Gardens, B-17"
Luxury Designer 1 Kanal House in Multi Gardens B-17 Islamabad,9.5 Crore,1 Kanal,6,7,"MPCHS - Multi Gardens, B-17"
8 Marla Brand New Double Storey House Available For Sale In Multi Gardens MPCHS B-17 Islamabad,2.6 Crore,8 Marla,6,6,"MPCHS - Block F, MPCHS - Multi Gardens"
Multi Gardens F Block 5 Marla Design House Available For Sale In B 17 Islamabad,2.4 Crore,5 Marla,4,4,"MPCHS - Block F, MPCHS - Multi Gardens"
Top Quality 1 Kanal Designer House in B-17,8.5 Crore,1 Kanal,6,7,"MPCHS - Multi Gardens, B-17"
8 Marla DESIGNER House For Sale In Multi Gardens MPCHS B-17 Block F Islamabad.,2.7 Crore,8 Marla,6,6,"MPCHS - Multi Gardens, B-17"
5 MARLA DESIGNER HOUSE ON INSTALLMENTS,1.8 Crore,5 Marla,5,5,"MPCHS - Multi Gardens, B-17"
Mpchs multi garden B-17 Islamabad   8 Marla brand new Park face house available for sale,3.39 Crore,8 Marla,5,6,"MPCHS - Multi Gardens, B-17"
Mpchs Multi Garden B-17 Islamabad,3.49 Crore,8 Marla,4,6,"MPCHS - Block C, MPCHS - Multi Gardens"
Lavish 5 marla house!Double unit ! Prime location!,2.1 Crore,5 Marla,4,5,"MPCHS - Multi Gardens, B-17"
Prime Location 8 Marla House Available In MPCHS - Block E For sale,3 Crore,8 Marla,5,4,"MPCHS - Block E, MPCHS - Multi Gardens"
Multi Gardens F Block Homes Available For Sale In B 17 Islamabad,2.3 Crore,5 Marla,5,6,"MPCHS - Block F, MPCHS - Multi Gardens"
Multi Gardens F Block 5 Marla Homes Brand New Alive Location Available For Sale In B17 Islamabad,2.15 Crore,5 Marla,4,5,"MPCHS - Block F, MPCHS - Multi Gardens"
5 Marla House For sale In MPCHS - Block F Islamabad,2.3 Crore,5 Marla,,,"MPCHS - Block F, MPCHS - Multi Gardens"
House For sale In MPCHS - Block C1,2.4 Crore,5 Marla,,,"MPCHS - Block C1, MPCHS - Multi Gardens"
"MPCHS, B-17, F-Block, 5 Marla Double Storey Brand New Designer House",1.9 Crore,5 Marla,5,4,"MPCHS - Block F, MPCHS - Multi Gardens"
5 Marla Mordern House For Sale In Multi Gardens MPCHS B-17 Block F Islamabad.,2 Crore,5 Marla,4,4,"MPCHS - Block F, MPCHS - Multi Gardens"
5 Marla Designer House Brand New For Sale in B-17 MPECHS F block Luxury,2.05 Crore,5 Marla,3,3,"MPCHS - Block F, MPCHS - Multi Gardens"
Top Quality 8 Marla Designer House In B-17,3.4 Crore,8 Marla,5,6,"MPCHS - Multi Gardens, B-17"
Luxury 10 Marla Designer House in Multi Gardens B-17,4.6 Crore,10 Marla,5,6,"MPCHS - Block C1, MPCHS - Multi Gardens"
House For Sale In MPCHS - Block C1,5.8 Crore,10 Marla,,,"MPCHS - Block C1, MPCHS - Multi Gardens"
Multi Garden B17 5 Marla House Far Sale Find Your Ideal House In Islamabad Under Rs. 24000000,2.4 Crore,5 Marla,4,5,"MPCHS - Block C1, MPCHS - Multi Gardens"
Brend New House Fmc Available For Sale,4.15 Crore,7 Marla,3,3,"MPCHS - Multi Gardens, B-17"
House For Sale In B17,5.8 Crore,10 Marla,5,7,"MPCHS - Block B Extension 1, MPCHS - Multi Gardens"
Designer Brand New House (934)For Sale To Live And Investment.,5.75 Crore,10 Marla,6,6,"MPCHS - Block C1, MPCHS - Multi Gardens"
Corner House For Sale In F Block MPCHS 60 Feet Road Facing Both Sides,2.45 Crore,5 Marla,4,5,"MPCHS - Block F, MPCHS - Multi Gardens"
8 Marla Brand New Double Unit House. Available For Sale in MPCHS Multi Gardens. In Block E B-17 Islamabad.,2.2 Crore,8 Marla,4,6,"MPCHS - Block E, MPCHS - Multi Gardens"
Brand New Modern Design  Double Heighted Lobby  A+ Construction,8.5 Crore,1 Kanal,6,6,"MPCHS - Block A, MPCHS - Multi Gardens"
11 Marla Elegant House With A Scenic View,4.9 Crore,11 Marla,5,6,"MPCHS - Block A, MPCHS - Multi Gardens"
8 Marla House for Sale in Faisal Margalla city B17 Islamabad,3.2 Crore,8 Marla,4,4,"MPCHS - Multi Gardens, B-17"
Lavish Brand New 10 Marla House! Double Unit ! Prime Location! Reasonable Price Only 3.90 Cr ! In Mpchs Block C!,3.9 Crore,10 Marla,6,6,"MPCHS - Block C, MPCHS - Multi Gardens"
Beautiful House For Sale,1.55 Crore,4 Marla,3,3,"MPCHS - Block C1, MPCHS - Multi Gardens"
Beautiful Modern Constructed House For Sale,2.1 Crore,5 Marla,5,5,"MPCHS - Block F, MPCHS - Multi Gardens"
5 Marla Porta Fitting Solid Wood Work,1.85 Crore,5 Marla,4,5,"MPCHS - Multi Gardens, B-17"
House Of 1250 Square Feet Available In MPCHS - Block F,2.3 Crore,5.6 Marla,6,6,"MPCHS - Block F, MPCHS - Multi Gardens"
Multi Garden B-17 Prime Location F Block DESIGNER HOUSE SALE,1.95 Crore,5 Marla,4,4,"MPCHS - Multi Gardens, B-17"
BRAND 10 MARLA NEW DESIGNER HOUSE B-17 F Block Available For Sale.,2.88 Crore,10 Marla,6,6,"MPCHS - Multi Gardens, B-17"
DESIGNER HOUSE Double Unit House Multi Gardens MPCHS B-17 Block F Islamabad.,2.1 Crore,5 Marla,4,4,"MPCHS - Multi Gardens, B-17"
F Block 5 Marla House For Sale Modern Design House In B17,2.4 Crore,5 Marla,3,5,"MPCHS - Block F, MPCHS - Multi Gardens"
Capital SQ 1 Bed Apartments Brand New Ideal Location Available For Sale In B 17 Islamabad,65 Lakh,3.2 Marla,1,1,"MPCHS - Multi Gardens, B-17"
"Investor Price 8 Marla Luxury Double Unit House For Sale In C Block B-17, Islamabad",3.4 Crore,8 Marla,4,6,"MPCHS - Block C, MPCHS - Multi Gardens"
"14 Marla Double Unit House for Sale B Block, CDA Sector B-17, Islamabad",6.5 Crore,14 Marla,6,6,"MPCHS - Block B, MPCHS - Multi Gardens"
"14 Marla Double Unit House For Sale Block B, B-17 Multi Gardens Islamabad",6 Crore,14 Marla,6,6,"MPCHS - Block B, MPCHS - Multi Gardens"
1 Kanal Designer Double Heighted Luxurious Finishing House For Sale in Block B MPCHS Multi Gardens B-17 Islamabad.,9.5 Crore,1 Kanal,6,7,"MPCHS - Block B, MPCHS - Multi Gardens"
10 Marla Designer House For Sale In Multi Garden B 17 Islamabad Block C1,4.6 Crore,10 Marla,5,6,"MPCHS - Block C1, MPCHS - Multi Gardens"
8 Marla Brand New House For Sale In Multi Garden B-17 Islamabad,3.25 Crore,8 Marla,4,6,"MPCHS - Block C, MPCHS - Multi Gardens"
1 Kanal MDR 2nd to Corner in Block B. Double Unit House. Available For Sale in Multi Gardens. MPCHS B-17 Islamabad.,7.95 Crore,1 Kanal,6,7,"MPCHS - Block B, MPCHS - Multi Gardens"
14 Marla House For Sale Available In B-17,5.8 Crore,14 Marla,,,"MPCHS - Block B, MPCHS - Multi Gardens"
05 MARLA Good Location Double Story Brand new House Available For Sale At Reasonable Price,1.75 Crore,5.6 Marla,5,4,"MPCHS - Block F, MPCHS - Multi Gardens"
Designer House with Half Basement,9.5 Crore,1 Kanal,6,6,"MPCHS - Block B, MPCHS - Multi Gardens"
Buying A House In Islamabad?,2.25 Crore,5.6 Marla,4,4,"MPCHS - Block C1, MPCHS - Multi Gardens"
In MPCHS - Block C1 House Sized 7 Marla For Sale,3.8 Crore,7 Marla,,,"MPCHS - Block C1, MPCHS - Multi Gardens"
Multi Gardens B17 A Block 1 Kanal House Is Available For Sale,8.5 Crore,1 Kanal,6,7,"MPCHS - Block A, MPCHS - Multi Gardens"
Designer House For Sale In B-17 Islamabad,4.6 Crore,10 Marla,5,6,"MPCHS - Block B, MPCHS - Multi Gardens"
Beautiful prime location 5 Marla house for sale in C1 block Mpchs multi garden B-17 Islamabad,2.7 Crore,5 Marla,4,5,"MPCHS - Multi Gardens, B-17"
MPCHS Multi Garden B-17 Islamabad 5 Marla Modern House Available For Sale VIP Location All Facilities Available On Walking Distance Reasonable Price,2.19 Crore,5 Marla,4,6,"MPCHS - Multi Gardens, B-17"
"Spacious A Plus Construction ! Furnished 10 Marla House! Available For Sale In Mpchs B17,",5 Crore,12 Marla,4,6,"MPCHS - Multi Gardens, B-17"
Prime location! 5 marla Single Story! Corner house! in MPCHS B-17,1.49 Crore,5 Marla,2,2,"MPCHS - Multi Gardens, B-17"
"8 Marla Brand New Double Story House. Available For Sale in Multi Gardens. MPCHS B-17, Islamabad.",3.1 Crore,8 Marla,4,6,"MPCHS - Block E, MPCHS - Multi Gardens"
A+ Finishing | Elegant 5 Marla Double Unit House In Prime Location,2.2 Crore,5 Marla,4,4,"MPCHS - Block C1, MPCHS - Multi Gardens"
Multi Garden B17 Islamabad House For Sale,3.4 Crore,8 Marla,4,6,"MPCHS - Block E, MPCHS - Multi Gardens"
House Of 5 Marla For sale In MPCHS - Block C1,2.3 Crore,5 Marla,,,"MPCHS - Block C1, MPCHS - Multi Gardens"
Centrally Located House Available In MPCHS - Block C For Sale,5.5 Crore,12.4 Marla,,,"MPCHS - Block C, MPCHS - Multi Gardens"
This Is Your Chance To Buy House In MPCHS - Block C Islamabad,7.8 Crore,1 Kanal,,,"MPCHS - Block C, MPCHS - Multi Gardens"
You Can Find A Gorgeous House For Sale In MPCHS - Block B,7.8 Crore,14 Marla,,,"MPCHS - Block B, MPCHS - Multi Gardens"
5 Marla House Is Available In MPCHS - Block C1,2.4 Crore,5 Marla,,,"MPCHS - Block C1, MPCHS - Multi Gardens"
Designer House For Sale,6.8 Crore,14 Marla,6,6,"MPCHS - Block B, MPCHS - Multi Gardens"
Reserve A Centrally Located House In MPCHS - Block B,5.7 Crore,14.2 Marla,6,6,"MPCHS - Block B, MPCHS - Multi Gardens"
Buy A House Of 3200 Square Feet In MPCHS - Block C,8.8 Crore,14.2 Marla,,,"MPCHS - Block C, MPCHS - Multi Gardens"
Beautiful Prime Location Modern Park Face 8 Marla House For Sale In Mpchs Multi Garden B-17 Islamabad,3.4 Crore,8 Marla,5,6,"MPCHS - Multi Gardens, B-17"
Your Ideal 14 Marla House Has Just Become Available In MPCHS - Multi Gardens,9 Crore,14 Marla,6,6,"MPCHS - Multi Gardens, B-17"
Multi B17 Islamabad House For Sale Brand New Size 8 Marla Good Location,4.1 Crore,8 Marla,5,6,"MPCHS - Multi Gardens, B-17"
B-17 Block F house for sale size 5 marla,2.25 Crore,5 Marla,4,5,"MPCHS - Block F, MPCHS - Multi Gardens"
Lush Luxury House Is Available For Sale In B-17,9 Crore,1 Kanal,6,6,"MPCHS - Multi Gardens, B-17"
8 Marla Brand New Double Unit House in Block E for Sale in MPCHS Multi Gardens B-17 Islamabad.,3.4 Crore,8 Marla,6,6,"MPCHS - Block E, MPCHS - Multi Gardens"
A Perfect House Awaits You In MPCHS - Multi Gardens Islamabad,9.5 Crore,1 Kanal,9,6,"MPCHS - Multi Gardens, B-17"
8 Marla Brand New MDR House For Sale,3.6 Crore,8 Marla,4,6,"MPCHS - Block C1, MPCHS - Multi Gardens"
House Available For Sale B17 Block F,3.8 Crore,10 Marla,4,6,"MPCHS - Block F, MPCHS - Multi Gardens"
Beautiful Prime Location Modern House Double Highted 1 Kanal House For Sale Available In A Block Mpchs Multi Garden B-17 Islamabad,8.5 Crore,1 Kanal,6,6,"MPCHS - Multi Gardens, B-17"
Multi Gardens F Block 5 Marla Homes Brand New Ideal Location Available For Sale In B Islamabad,2.2 Crore,5 Marla,5,6,"MPCHS - Block F, MPCHS - Multi Gardens"
House For Sale In B17,3 Crore,8 Marla,4,6,"MPCHS - Block C1, MPCHS - Multi Gardens"
7 Marla Soiled House With 7 Kva Soler,2.75 Crore,7 Marla,4,5,"MPCHS - Block E, MPCHS - Multi Gardens"
5 Marla Single Unit House For Sale,1.75 Crore,5 Marla,3,4,"MPCHS - Block F, MPCHS - Multi Gardens"
9.5 Marla House For Sale Block C-1,4.6 Crore,9.5 Marla,5,5,"MPCHS - Block C1, MPCHS - Multi Gardens"
5 Marla Short Corner House Brand New,2.35 Crore,5 Marla,4,5,"MPCHS - Block F, MPCHS - Multi Gardens"
Fresh Designer Kanal House For Sale,6.9 Crore,1 Kanal,6,6,"MPCHS - Block C, MPCHS - Multi Gardens"
Luxurious Furnished 1Kanal House for Sale in B17,10.2 Crore,1.1 Kanal,9,7,"MPCHS - Block B, MPCHS - Multi Gardens"
7 Marla House For Sale In B17-Islamabad,3.25 Crore,8 Marla,4,5,"MPCHS - Block E, MPCHS - Multi Gardens"
"Beautiful House For Sale In FMC, B-17 Islamabad At Investor Rate",2.25 Crore,5 Marla,4,4,"MPCHS - Multi Gardens, B-17"
Brand New Luxury Home for Sale B-17 MPCHS Islamabad 10 marla,4.6 Crore,10 Marla,6,6,"MPCHS - Multi Gardens, B-17"
Brand New House For Sale In MPCHS B-17 Islamabad,3.3 Crore,8 Marla,4,5,"MPCHS - Block C, MPCHS - Multi Gardens"
"Brand New Park Facing Designer House for Sale CDA Sector B-17, Islamabad",3.5 Crore,8 Marla,4,6,"MPCHS - Block E, MPCHS - Multi Gardens"
Prime Location 10 Marla House In MPCHS - Block B,5 Crore,10 Marla,4,4,"MPCHS - Block B, MPCHS - Multi Gardens"
My Own Luxury 2 Kanal Brand New House For Sale,11.95 Crore,2 Kanal,8,7,"MPCHS - Multi Gardens, B-17"
Designer House For Sale In B17 Multi Garden,4.6 Crore,9 Marla,6,6,"MPCHS - Multi Gardens, B-17"
5 Marla Double Story Designer House For Sale In C-1 Block B-17 Islamabad.,2.8 Crore,5 Marla,4,5,"MPCHS - Block C1, MPCHS - Multi Gardens"
Brand New House Modern Design Double Heighted Lobby,4.6 Crore,10 Marla,5,6,"MPCHS - Block C1, MPCHS - Multi Gardens"
8 Marla Semi Furnished House,3.5 Crore,8 Marla,6,6,"MPCHS - Multi Gardens, B-17"
10 Marla House For Sale In Sector B-17 Multi Gardens Block C1,5.75 Crore,10 Marla,5,6,"MPCHS - Multi Gardens, B-17"
"Brand New 5 Marla House For Sale In B-17 Block F! 4 Bedrooms, 2 Kitchens, Prime Location Dont Miss Out!",2.15 Crore,5 Marla,4,4,"MPCHS - Block F, MPCHS - Multi Gardens"
9.5 Marla House For Sale In B-17 Islamabad Block C-1,4.45 Crore,9 Marla,9,7,"MPCHS - Multi Gardens, B-17"
Multi Gardens C1 Block Homes Brand New Ideal Location Available For Sale In B-17 Islamabad,2.3 Crore,5 Marla,5,6,"MPCHS - Block C1, MPCHS - Multi Gardens"
"10 Marla House For Sale, In B-17, C Block, ISLAMABAD",3.8 Crore,10 Marla,7,6,"MPCHS - Block C, MPCHS - Multi Gardens"
8 Marla Corner Luxury House For Sale In Multi Garden B 17 Islamabad,4.3 Crore,8 Marla,4,6,"MPCHS - Block C, MPCHS - Multi Gardens"
5 Marla Brand New House For Sale In Multi Garden B 17 Islamabad,2.1 Crore,5 Marla,4,6,"MPCHS - Block F, MPCHS - Multi Gardens"
Best And Developed Located 8 Marla House For Sale In MPCHS-Block C1,3 Crore,8 Marla,4,6,"MPCHS - Block C1, MPCHS - Multi Gardens"
5 Marla Spauious Single Unit ! Prime Location ! 4 Marla Extra Land! Good Option For Bank Lease !,1.8 Crore,5 Marla,3,3,"MPCHS - Multi Gardens, B-17"
Specious House! Investor Price! Double Unit!Only 1.68 Cr ! In B-17 MPCHS,1.68 Crore,5 Marla,4,4,"MPCHS - Multi Gardens, B-17"
8 Marla Brand New Double Story House. Available For Sale in Multi Gardens. MPCHS B-17 Islamabad.,2.6 Crore,8 Marla,6,6,"MPCHS - Block F, MPCHS - Multi Gardens"
25x50 House With A+ Construction For Sale In F Block,1.68 Crore,5 Marla,4,4,"MPCHS - Block F, MPCHS - Multi Gardens"
Prime Location House For sale In B 17 Islamabad,7 Crore,14 Marla,5,5,"MPCHS - Block B, MPCHS - Multi Gardens"
7 Marla Spacious House Available In MPCHS - Block F For sale,3.2 Crore,7 Marla,,,"MPCHS - Block F, MPCHS - Multi Gardens"
Ready To Sale A House 1800 Square Feet In MPCHS - Block E Islamabad,3.15 Crore,8 Marla,,,"MPCHS - Block E, MPCHS - Multi Gardens"
A House Of 7 Marla In Islamabad,3 Crore,7 Marla,,,"MPCHS - Block E, MPCHS - Multi Gardens"
Spacious 5 Marla House Available For sale In MPCHS - Block F,2.7 Crore,5 Marla,4,4,"MPCHS - Block F, MPCHS - Multi Gardens"
Your Search For Main Double Road House In Islamabad Ends Here,2.5 Crore,5 Marla,3,4,"MPCHS - Block F, MPCHS - Multi Gardens"
Avail Yourself A Great 1800 Square Feet House In MPCHS - Block E,3.5 Crore,8 Marla,4,4,"MPCHS - Block E, MPCHS - Multi Gardens"
5 Marla Villa Available For Sale In Multi Garden B-17 Islamabad,1.5 Crore,5 Marla,3,4,"MPCHS - Block C1, MPCHS - Multi Gardens"
8 Marla Brand New Luxury House For Sale In Multi Garden B 17 Islamabad,3.5 Crore,8 Marla,4,6,"MPCHS - Block C, MPCHS - Multi Gardens"
8 Marla Brand New Luxury House For Sale In Multi Garden B-17 Islamabad,3.5 Crore,8 Marla,4,6,"MPCHS - Block C, MPCHS - Multi Gardens"
8 Marla Brand New Luxury House For Sale In Multi Garden B 17 Islamabad,3.25 Crore,8 Marla,4,6,"MPCHS - Block C, MPCHS - Multi Gardens"
8 Marla Brand New Park face House For sale in Block E MPCHS Multi garden B17 islamabad,3.4 Crore,8 Marla,5,5,"MPCHS - Multi Gardens, B-17"
5 Marla (25*50) Double unit House For sale in Block F MPCHS multi garden B17 Islamabad,2.35 Crore,5 Marla,5,5,"MPCHS - Block F, MPCHS - Multi Gardens"
8 Marla Full Furnished House For Sale In Multi Garden B-17 Islamabad,2.65 Crore,8 Marla,4,6,"MPCHS - Block F, MPCHS - Multi Gardens"
B-17 Multi Garden House For Sale Block E Islamabad,4.25 Crore,8 Marla,5,5,"MPCHS - Block E, MPCHS - Multi Gardens"
"5 Marla Ultra Luxurious Double Heighted House For Sale In Faisal Margalla City, B17 Islamabad",2.95 Crore,5 Marla,4,5,"MPCHS - Multi Gardens, B-17"
Faisal Margala City 8 Marla House Available For Sale In B17,4 Crore,8 Marla,5,5,"MPCHS - Multi Gardens, B-17"
2450 Square Feet House For sale In MPCHS - Block B Extension 1 Islamabad,4.9 Crore,10.9 Marla,,,"MPCHS - Block B Extension 1, MPCHS - Multi Gardens"
Buy A House Of 1800 Square Feet In MPCHS - Block C1,3.8 Crore,8 Marla,5,5,"MPCHS - Block C1, MPCHS - Multi Gardens"
Sale The Ideally Located House For An Incredible Price Of Pkr Rs. 18500000,1.85 Crore,5 Marla,4,4,"MPCHS - Block F, MPCHS - Multi Gardens"
Brand New Modern Design,2.7 Crore,5 Marla,4,6,"MPCHS - Block C1, MPCHS - Multi Gardens"
1 Kanal Designer House,8.5 Crore,1 Kanal,6,6,"MPCHS - Block A, MPCHS - Multi Gardens"
Smart Design Meets Comfort | 5 Marla Family Home in Prime Location,2.07 Crore,5 Marla,4,4,"MPCHS - Block C1, MPCHS - Multi Gardens"
5 Marla Dauble Unit House For Sale,1.65 Crore,5 Marla,4,5,"MPCHS - Block F, MPCHS - Multi Gardens"
Prime Location 5 Marla Villa For Sale,1.82 Crore,5 Marla,3,3,"MPCHS - Block C1, MPCHS - Multi Gardens"
"Lavish 8 Marla House! Brand New! CDA Sector Block C MPCHS B-17! A Class Construction Quality! Reasonable Price Only 3.40 Crore In MPCHS , B17!",3.25 Crore,8 Marla,5,6,"MPCHS - Multi Gardens, B-17"
Spacious Prime Location House Is Available In MPCHS - Block C For sale,3.5 Crore,8 Marla,5,4,"MPCHS - Block C, MPCHS - Multi Gardens"
Buying A Prime Location House In MPCHS - Block C Islamabad?,4 Crore,10 Marla,6,5,"MPCHS - Block C, MPCHS - Multi Gardens"
Well-Constructed House Available For Sale In MPCHS - Block E,4 Crore,8 Marla,4,5,"MPCHS - Block E, MPCHS - Multi Gardens"
5 Marla Spacious House Available In MPCHS - Block F For Sale,2.2 Crore,5 Marla,3,3,"MPCHS - Block F, MPCHS - Multi Gardens"
1250 Square Feet House In B-17 For sale At Good Location,1.8 Crore,5.6 Marla,3,4,"MPCHS - Block F, MPCHS - Multi Gardens"
Beautiful Prime Location 30*60 House For Sale In Mpchs Multi Garden B-17 Islamabad,3.25 Crore,8 Marla,5,6,"MPCHS - Multi Gardens, B-17"
Multi Gardens F Block 5 Marla Homes For Sale Brand New In B17 Islamabad,2.15 Crore,5 Marla,5,5,"MPCHS - Block F, MPCHS - Multi Gardens"
This Is Your Chance To Buy House In MPCHS - Block A,8.5 Crore,1 Kanal,6,6,"MPCHS - Block A, MPCHS - Multi Gardens"
A House Of 10 Marla In Islamabad,4.95 Crore,10 Marla,5,6,"MPCHS - Block B Extension 1, MPCHS - Multi Gardens"
B-17 II 7 Marla Luxury House II For Sale II Best Location Near To MDR,3.5 Crore,7 Marla,6,5,"MPCHS - Multi Gardens, B-17"
A House Of 5 Marla In Rs. 25000000,2.5 Crore,5 Marla,5,5,"MPCHS - Multi Gardens, B-17"
Designer 5 Marla House in B-17 Faisal Hills,1.84 Crore,5 Marla,3,4,"MPCHS - Multi Gardens, B-17"
8 Marla Brand New Luxury House For Sale In Multi Garden B 17,3.5 Crore,8 Marla,5,6,"MPCHS - Block D, MPCHS - Multi Gardens"
10 Marla Brand New Luxury House For Sale In Multi Garden B 17 Islamabad,4.6 Crore,10 Marla,5,6,"MPCHS - Block C1, MPCHS - Multi Gardens"
MPCHS - Block C1 House Sized 5 Marla,2.5 Crore,5 Marla,3,4,"MPCHS - Block C1, MPCHS - Multi Gardens"
Designer 10 Marla House For Sale In Prime Location Of B-17 Islamabad Brand New 10 Marla House With Modern Finishings Ready To Move In,5.7 Crore,10 Marla,7,6,"MPCHS - Block C1, MPCHS - Multi Gardens"
8 Marla Brand New Luxury house for sale in Multi Garden B 17 Islamabad,3 Crore,8 Marla,4,6,"MPCHS - Block E, MPCHS - Multi Gardens"
5 Marla Short Corner Sun Face House Near To Masjid And Park House In Block F MPCHS Multi Garden B-17 Islamabad.,2.2 Crore,5 Marla,4,4,"MPCHS - Block F, MPCHS - Multi Gardens"
5 Marla Brand New Double Unit House Available For Sale In Multi Gardens MPCHS B-17 Islamabad.,2.25 Crore,5 Marla,,,"MPCHS - Multi Gardens, B-17"
5 Marla Red Sun Villa Available For Sale In MPCHS B-17 Block C 1 Islamabad,1.9 Crore,5 Marla,3,3,"MPCHS - Block C1, MPCHS - Multi Gardens"
Brand New Single Storey House For Sale In B17 Block E,2.25 Crore,8 Marla,2,3,"MPCHS - Multi Gardens, B-17"
8 Marla Short Double Unit House Available. For Sale In Multi Gardens MPCHS. B-17 Block E Islamabad,3.15 Crore,8 Marla,4,6,"MPCHS - Block E, MPCHS - Multi Gardens"
10 Marla Double Unit House Available. For Sale In Multi Gardens MPCHS. B-17 Block C 1 Islamabad.,4.5 Crore,10 Marla,5,6,"MPCHS - Block C1, MPCHS - Multi Gardens"
CDA sector Multi Garden B17 islamabad House For sale,8.5 Crore,1 Kanal,7,6,"MPCHS - Block A, MPCHS - Multi Gardens"
"5 Marla Triple Storey House For Sale In Faisal Margallah City , B17 Islamabad.",3 Crore,5 Marla,4,4,"MPCHS - Multi Gardens, B-17"
5 Marla House For Sale In Faisal Margalla City B-17 Islamabad,2.4 Crore,5 Marla,4,4,"MPCHS - Multi Gardens, B-17"
5 Marla Double Heighted House for Sale in Faisal Margalla City - B17 Islamabad,2.75 Crore,5 Marla,4,4,"MPCHS - Multi Gardens, B-17"
5 Marla Luxury House For Sale Dual Unit Option | Prime Location,2.25 Crore,5 Marla,4,5,"MPCHS - Multi Gardens, B-17"
Multi Gardens C1 Block 5 Marla Brand New Near To Parks Ideal Location B 17 Isalamabad,2.4 Crore,5 Marla,6,6,"MPCHS - Block C1, MPCHS - Multi Gardens"
10 Marla Brand New Double Unit House Available For Sale. Multi Gardens MPCHS B-17 Block C 1 Islamabad.,4.5 Crore,10 Marla,6,6,"MPCHS - Block C1, MPCHS - Multi Gardens"
8 Marla (30*60) Front Open With Extra Land House For Sale In Block C Mpchs Multi Garden B17 Islamabad,3.5 Crore,8 Marla,5,5,"MPCHS - Block C, MPCHS - Multi Gardens"
5 Marla (25*50) Double Unit House For Sale In Block F Multi Garden B17 Islamabad,2.45 Crore,5 Marla,5,5,"MPCHS - Multi Gardens, B-17"
5 Marla Sun Face Front Open Brand New Double Unit House Available For Sale In Multi Gardens MPCHS B-17 Islamabad,2.2 Crore,5 Marla,4,4,"MPCHS - Multi Gardens, B-17"
5 Marla Brand New Double Storey House Available For Sale In Multi Gardens MPCHS B-17 Islamabad,2.2 Crore,5 Marla,,,"MPCHS - Multi Gardens, B-17"
5 Marla Designer house for sale in Multi Garden B 17 Islamabad,2.4 Crore,5 Marla,4,6,"MPCHS - Block F, MPCHS - Multi Gardens"
Multi B17 Islamabad Brand New House For Sale Good Construction Work,4.2 Crore,8 Marla,4,5,"MPCHS - Multi Gardens, B-17"
"Brand New Modern House For Sale In Block B - MPCHS, Multi Gardens B-17, CDA Sector, Islamabad",7.8 Crore,14 Marla,10,6,"MPCHS - Block B, MPCHS - Multi Gardens"
Multi Gardens F Block 5 Marla Homes Design Home For Sale In B17 Islamabad,2.3 Crore,5 Marla,5,5,"MPCHS - Block F, MPCHS - Multi Gardens"
10 Marla House In Beautiful Location Of MPCHS - Block E In Islamabad,4 Crore,10 Marla,4,4,"MPCHS - Block E, MPCHS - Multi Gardens"
Ideal House For Sale In MPCHS - Block F,2.8 Crore,5 Marla,4,4,"MPCHS - Block F, MPCHS - Multi Gardens"
Your Dream 7 Marla House Is Available In MPCHS - Block F,3 Crore,7 Marla,4,5,"MPCHS - Block F, MPCHS - Multi Gardens"
MPCHS - Block E House For sale Sized 7 Marla,2.25 Crore,7 Marla,2,2,"MPCHS - Block E, MPCHS - Multi Gardens"
Perfect 5 Marla House In MPCHS - Block F For sale,2.4 Crore,5 Marla,4,4,"MPCHS - Block F, MPCHS - Multi Gardens"
"8 Marla House For Sale In Multi Gardens B-17, MPCHS Islamabad",2.5 Crore,8 Marla,5,6,"MPCHS - Multi Gardens, B-17"
Brand New House Prime location,4.95 Crore,10 Marla,6,6,"MPCHS - Block B Extension 1, MPCHS - Multi Gardens"
Brand New Double Storey Corner,2.3 Crore,5 Marla,4,5,"MPCHS - Block F, MPCHS - Multi Gardens"
A+ Construction House 60 Feet Road Corner,2.8 Crore,5 Marla,4,6,"MPCHS - Block F, MPCHS - Multi Gardens"
Brand New Double Storey Prime Location,5.7 Crore,14 Marla,6,6,"MPCHS - Block B, MPCHS - Multi Gardens"
Very Prime Location 1 Kanal! Basment+1st Floor!  Suitable For Commercial Activity! Reasonable Price Only 6.10 Cr!,6.1 Crore,1 Kanal,7,6,"MPCHS - Block B, MPCHS - Multi Gardens"
5 Marla (25*50) House For Sale In Block F MPCHS Multi Garden B17 Islamabad,2.5 Crore,5 Marla,4,5,"MPCHS - Block F, MPCHS - Multi Gardens"
5 Marla (25*50) House For Sale In Block F Multi Garden B17 Islamabad,2.25 Crore,5 Marla,4,5,"MPCHS - Multi Gardens, B-17"
5 Marla (25*50) Double Unit House For Sale In Block F Multi Garden B17 Islamabad,2.1 Crore,5 Marla,4,5,"MPCHS - Block F, MPCHS - Multi Gardens"
5 Marla (25*50) Short Corner House For Sale In Block F MPCHS Multi Garden B17 Islamabad,2.25 Crore,5 Marla,4,5,"MPCHS - Multi Gardens, B-17"
5 Marla (25*50) Corner House For Sale In Block F MPCHS Multi Garden B17 Islamabad,2.3 Crore,5 Marla,4,5,"MPCHS - Multi Gardens, B-17"
5 Marla (25*50) House For Sale In Block F MPCHS Multi Garden B17 Islamabad,2 Crore,5 Marla,3,4,"MPCHS - Block F, MPCHS - Multi Gardens"
5 Marla (25*50) House For sale in block F MPCHS multi Garden B17 islamabad,2.1 Crore,5 Marla,4,5,"MPCHS - Block F, MPCHS - Multi Gardens"
5 Marla (25*50) House For sale in Block F MPCHS Multi Garden B17 islamabad,2.3 Crore,5 Marla,4,5,"MPCHS - Block F, MPCHS - Multi Gardens"
10 Marla House For Sale In Multi Garden B17 MPCHS A CDA Sector,4.1 Crore,10 Marla,5,6,"MPCHS - Multi Gardens, B-17"
B-17 Block C-1 Luxury House For Sale,5.25 Crore,10 Marla,6,6,"MPCHS - Block C1, MPCHS - Multi Gardens"
Designer Brand New House For Sale To Live And Investment.,5.75 Crore,10 Marla,6,6,"MPCHS - Block C1, MPCHS - Multi Gardens"
Brand New 5 Marla House For Sale In B-17 Block F | Modern Design | Prime Location,1.68 Crore,5.6 Marla,3,4,"MPCHS - Block F, MPCHS - Multi Gardens"
C BLOCK 8 Marla Brand New Designer House With Extra Land Available For Sale In Mpchs Multi Gardens B17 Islamabad,3.5 Crore,8 Marla,5,6,"MPCHS - Block C, MPCHS - Multi Gardens"
C block 30x60 house at reasonable rate B-17 Islamabad,3.3 Crore,8 Marla,4,5,"MPCHS - Block C, MPCHS - Multi Gardens"
Buying A House In MPCHS - Block B?,6 Crore,15 Marla,6,6,"MPCHS - Block B, MPCHS - Multi Gardens"
Beautiful Furnished Home For Sale In Prime Location Of B-17 Islamabad.,2.45 Crore,8 Marla,4,5,"MPCHS - Block F, MPCHS - Multi Gardens"
Designer Brand New House For Sale To Live.,5.75 Crore,10 Marla,6,6,"MPCHS - Block C1, MPCHS - Multi Gardens"
Stylish A+ Constructed 10 Marla Home In C-1 Block B-17 Ideal For Families,4.65 Crore,10 Marla,5,7,"MPCHS - Block C1, MPCHS - Multi Gardens"
Stylish A+ Constructed 5 Marla Home in C-1 Block B-17 Ideal for Families,2.7 Crore,5 Marla,5,5,"MPCHS - Block C1, MPCHS - Multi Gardens"
5 Marla House Is Available For Sale In Faisal Hills Block C,1.84 Crore,5 Marla,3,3,"MPCHS - Multi Gardens, B-17"
"Lavish 5 Marla Short Corner House Available For Sale @2.25,In MPCHS B-17 ,A Class Construction",2.25 Crore,5 Marla,4,6,"MPCHS - Multi Gardens, B-17"
5 Marla House Is Available For Sale In Faisal Hills Block C,1.84 Crore,5 Marla,3,3,"MPCHS - Multi Gardens, B-17"
5 Marla House Is Available For Sale Located At Faisal Hills Block C,1.84 Crore,5 Marla,3,3,"MPCHS - Multi Gardens, B-17"
35x65 10. beautiful dubble store house for sale at multi garden B17 Islamabad,4.5 Crore,9 Marla,6,6,"MPCHS - Multi Gardens, B-17"
10 Marla Brand New Luxury House Available For Sale,5.2 Crore,10 Marla,4,6,"MPCHS - Block C, MPCHS - Multi Gardens"
5 Marla (25*50) Corner House For Sale In Block F MPCHS Multi Garden B17 Islamabad,2.8 Crore,5 Marla,3,4,"MPCHS - Block F, MPCHS - Multi Gardens"
5 Marla (25*50) House For sale in Block F Mpchs Multi garden B17 islamabad,2.3 Crore,5 Marla,4,5,"MPCHS - Block F, MPCHS - Multi Gardens"
5 Marla (25*50) Modern Elevation House For Sale In Block F Mpchs Multi Garden B17 Islamabad,2.39 Crore,5 Marla,4,5,"MPCHS - Block F, MPCHS - Multi Gardens"
Most Modern Constructed Kanal House,9 Crore,1 Kanal,6,6,"MPCHS - Multi Gardens, B-17"
5Marla double storey house for sale,1.8 Crore,5 Marla,4,5,"MPCHS - Block F, MPCHS - Multi Gardens"
8 Marla ( 30*60 ) Brand New Double Unit House Available For Sale. Multi Gardens MPCHS B-17 Block C 1 Islamabad.,2.75 Crore,8 Marla,4,6,"MPCHS - Block C1, MPCHS - Multi Gardens"
"B-17 E Block 30*60 House For Sale In 1100"" Series,",2.5 Crore,8 Marla,5,6,"MPCHS - Block E, MPCHS - Multi Gardens"
Brand New Double Storey House,3.5 Crore,8 Marla,4,5,"MPCHS - Block C, MPCHS - Multi Gardens"
5 Marla Brand New House Luxury House For Sale,2.3 Crore,5 Marla,3,4,"MPCHS - Block F, MPCHS - Multi Gardens"
To sale You Can Find Spacious House In MPCHS - Multi Gardens,4.6 Crore,10 Marla,5,5,"MPCHS - Multi Gardens, B-17"
2nd to Corner Brand New House Available For Sale In E Block,2.6 Crore,8 Marla,5,5,"MPCHS - Multi Gardens, B-17"
Beautiful Location 5 Marla House For Sale!,2.2 Crore,5 Marla,4,4,"MPCHS - Block F, MPCHS - Multi Gardens"
10 Marla Newly Constructed Gray Structure Available For Sale In Mpchs B-17 Block C,3.3 Crore,10.9 Marla,6,6,"MPCHS - Block C, MPCHS - Multi Gardens"
"25x50 Nice Location , Best For Living Very Reasonable Price",1.85 Crore,5 Marla,4,4,"MPCHS - Block F, MPCHS - Multi Gardens"
30x60 7Marla Single Storey House Available for Sale in Block E MPCHS Sector B-17 Islamabad,2.25 Crore,7 Marla,3,3,"MPCHS - Block E, MPCHS - Multi Gardens"
Designer House Is Available For Sale In B-17 Block C1,4.6 Crore,10 Marla,5,6,"MPCHS - Multi Gardens, B-17"
Multi Gardens F Block 5 Marla Structure Ideal Location Near To Main Markaz Solid Home For Sale in B 17 Islamabad,1.25 Crore,5 Marla,5,6,"MPCHS - Multi Gardens, B-17"
1800 Square Feet House For sale In MPCHS - Block E,3.4 Crore,8 Marla,,,"MPCHS - Block E, MPCHS - Multi Gardens"
Multi Gardens C1 Block 5 Marla Home Brand New A+ Construction Available For Sale In B 17 Islamabad,2.4 Crore,5 Marla,4,5,"MPCHS - Block C1, MPCHS - Multi Gardens"
"Luxury Designer House for Sale CDA Sector B-17, Islamabad",2.3 Crore,5.6 Marla,4,5,"MPCHS - Multi Gardens, B-17"
Your Search For House In Islamabad Ends Here,3.2 Crore,7 Marla,3,3,"MPCHS - Block E, MPCHS - Multi Gardens"
Designer Brand New house for sale to live and investment.,5.5 Crore,10 Marla,6,6,"MPCHS - Block C1, MPCHS - Multi Gardens"
Designer Brand New House For Sale To Live And Investment.,5.75 Crore,10 Marla,6,6,"MPCHS - Block C1, MPCHS - Multi Gardens"
Designer Brand New house for sale to live and investment.,5.75 Crore,10 Marla,6,6,"MPCHS - Block C1, MPCHS - Multi Gardens"
Designer Brand New house for sale to live and investment.,5.75 Crore,10 Marla,6,6,"MPCHS - Block C1, MPCHS - Multi Gardens"
Amazing 14 Marla House In Multi Gardens B17 Islamabad,7.9 Crore,14 Marla,5,6,"MPCHS - Block B, MPCHS - Multi Gardens"
Luxurious 8 Marla House In B17 Islamabad At Peaceful Location,3.9 Crore,8 Marla,5,5,"MPCHS - Block C1, MPCHS - Multi Gardens"
Luxury 8 Marla House In B17 Multigardens Islamabad,3.4 Crore,8 Marla,5,5,"MPCHS - Block E, MPCHS - Multi Gardens"
4 Story Designer 6 Bedrooms At Prime Location In B17 Islamabad,6 Crore,10 Marla,6,6,"MPCHS - Block C1, MPCHS - Multi Gardens"
4 Story Designer 6 Bedrooms At Prime Location In B17 Islamabad,6 Crore,10 Marla,6,6,"MPCHS - Block B, MPCHS - Multi Gardens"
Street Corner 5 Marla House In B17 Multigardens Islamabad,2.35 Crore,5 Marla,4,4,"MPCHS - Block F, MPCHS - Multi Gardens"
Street Corner 5 Marla House In B17 Multigardens Islamabad,2.4 Crore,5 Marla,4,4,"MPCHS - Block F, MPCHS - Multi Gardens"
Amazing 5 Marla House In B17 Multigardens Islamabad,2.1 Crore,5 Marla,4,4,"MPCHS - Block F, MPCHS - Multi Gardens"
Amazing 5 Marla House In B17 Multigardens Islamabad,2.1 Crore,5 Marla,4,4,"MPCHS - Block F, MPCHS - Multi Gardens"
Amazing 5 Marla House In B17 Multigardens Islamabad,2.1 Crore,5 Marla,4,4,"MPCHS - Block F, MPCHS - Multi Gardens"
5 Marla House In Multigardens B17 At A Very Reasonable Price,1.75 Crore,5 Marla,4,4,"MPCHS - Block F, MPCHS - Multi Gardens"
5 Marla House In Multigardens B17 At A Very Reasonable Price,1.75 Crore,5 Marla,4,4,"MPCHS - Block F, MPCHS - Multi Gardens"
"8 Marla Spanish Design House for Sale in Faisal Margalla City , B17 Islamabad",3.6 Crore,8 Marla,4,5,"MPCHS - Multi Gardens, B-17"
Owner Build Double Unit 5 Marla House Very Reasonable Price! Prime Location In MPCHS B-17,1.6 Crore,5 Marla,5,6,"MPCHS - Multi Gardens, B-17"
Lavish 8 Marla ! Double Unit! A Class Quality! Prime Location! Only 3 Crore,3 Crore,8 Marla,5,6,"MPCHS - Multi Gardens, B-17"
Multi Gardens F Block 5 Marla Homes Brand New For Sale In B 17 Islamabad,2.15 Crore,5 Marla,5,5,"MPCHS - Block F, MPCHS - Multi Gardens"
House For Sale B17 Islamabad,2.35 Crore,5 Marla,4,5,"MPCHS - Multi Gardens, B-17"
House For Sale,3.2 Crore,8 Marla,6,6,"MPCHS - Multi Gardens, B-17"
Book A House Of 8 Marla In MPCHS - Multi Gardens Islamabad,2.8 Crore,8 Marla,5,5,"MPCHS - Multi Gardens, B-17"
House for sale,3.55 Crore,7 Marla,6,6,"MPCHS - Multi Gardens, B-17"
Brand New 5 Marla ! Double Unit! A Class Construction! Lavish House! In MPCHS B-17,2.1 Crore,5 Marla,4,5,"MPCHS - Multi Gardens, B-17"
MPCH Multigarden:B17 Islamabad 8 Marla House,3.4 Crore,8 Marla,6,6,"MPCHS - Multi Gardens, B-17"
Beautiful Prime Location Double Highted Corner House 10 Marla House For Sale In Mpchs Multi Garden B-17 Islamabad,5.75 Crore,10 Marla,5,6,"MPCHS - Multi Gardens, B-17"
1 Kanal Designer House For Sale B Block B17 Islamabad,9.5 Crore,1 Kanal,6,6,"MPCHS - Block B, MPCHS - Multi Gardens"
30x60 7Marla Single Storey House Available for Sale in Block E MPCHS Sector B-17 Islamabad,2.25 Crore,7 Marla,3,3,"MPCHS - Block E, MPCHS - Multi Gardens"
Multi Gardens B Block Brand New 14 Marla Homes For Sale In B-17 Islamabad,7 Crore,10 Marla,7,6,"MPCHS - Block B, MPCHS - Multi Gardens"
Prime Location House For Grabs In 1 Kanal Islamabad,8 Crore,1 Kanal,6,6,"MPCHS - Block A, MPCHS - Multi Gardens"
A Prime Location House Of 14 Marla In Islamabad,8 Crore,14 Marla,7,6,"MPCHS - Block C, MPCHS - Multi Gardens"
Prime Location 5 Marla House For sale In MPCHS - Block C1,2.3 Crore,5 Marla,5,5,"MPCHS - Block C1, MPCHS - Multi Gardens"
Prime Location In MPCHS - Block C1 10 Marla House For sale,4 Crore,10 Marla,6,4,"MPCHS - Block C1, MPCHS - Multi Gardens"
Want To Buy A Prime Location House In Islamabad?,3 Crore,7 Marla,5,6,"MPCHS - Block F, MPCHS - Multi Gardens"
8 Marla House For Sale Block C,3.5 Crore,8 Marla,4,5,"MPCHS - Block C, MPCHS - Multi Gardens"
House for sale,3.6 Crore,7 Marla,5,5,"MPCHS - Multi Gardens, B-17"
BLOCK B 10 MARLA HOUSE FOR SALE AT REASONABLE PRICE,4.5 Crore,10 Marla,6,6,"MPCHS - Block B, MPCHS - Multi Gardens"
Designer Brand New House For Sale To Live And Investment.,5.75 Crore,10 Marla,6,6,"MPCHS - Block C1, MPCHS - Multi Gardens"
"In MPCHS - Block F Of Islamabad, A 5 Marla House Is Available",2.4 Crore,5 Marla,4,5,"MPCHS - Block F, MPCHS - Multi Gardens"
Get Your Hands On House In Islamabad Best Area,1.85 Crore,5 Marla,,,"MPCHS - Block F, MPCHS - Multi Gardens"
Designer 5 Marla Single Unit A Quality Construction Prime Location Block C1 B-17,2.25 Crore,5 Marla,4,5,"MPCHS - Block C1, MPCHS - Multi Gardens"
"Brand New 5 Marla Triple-Storey Corner House For Sale F Block, B-17 Islamabad",2.5 Crore,5 Marla,5,7,"MPCHS - Multi Gardens, B-17"
5 Marla Dauble Story Single Unit House For Sale,1.9 Crore,5 Marla,3,4,"MPCHS - Block F, MPCHS - Multi Gardens"
8 Marla Double Unit House Available. For Sale In Multi Gardens MPCHS. B-17 Block C Islamabad.,3.5 Crore,8 Marla,4,6,"MPCHS - Block C, MPCHS - Multi Gardens"
1 Kanal Double Unit House Available. For Sale In Multi Gardens MPCHS. B-17 Block B Islamabad.,9 Crore,1 Kanal,6,7,"MPCHS - Multi Gardens, B-17"
5 Marla In Block F Brand New House Available. For Sale In Multi Gardens Islamabad.,2.2 Crore,5 Marla,4,4,"MPCHS - Block F, MPCHS - Multi Gardens"
5 Marla Double Unit House Available. For Sale in Multi Gardens MPCHS. B-17 Block C 1 Islamabad.,2.5 Crore,5 Marla,4,6,"MPCHS - Block C1, MPCHS - Multi Gardens"
5 Marla Double Unit Villa Available. For Sale In Multi Gardens MPCHS. B-17 Block F Islamabad.,2.2 Crore,5 Marla,4,5,"MPCHS - Multi Gardens, B-17"
5 Marla Single Storey House For Sale In MPCHS Block F Multi Gardens B-17 Islamabad,1.5 Crore,5 Marla,2,3,"MPCHS - Block F, MPCHS - Multi Gardens"
5 Marla Double Unit House Available For Sale In Multi Gardens MPCHS B-17 Block F Islamabad,2.1 Crore,5 Marla,4,4,"MPCHS - Block F, MPCHS - Multi Gardens"
5 Marla In Block F Brand New House Available. For Sale in Multi Gardens Islamabad.,2.2 Crore,5 Marla,4,4,"MPCHS - Block F, MPCHS - Multi Gardens"
5 Marla In Block F. Near to Main Double Road. On 60 Feet Road Brand New House Available. For Sale in Multi Gardens Islamabad.,2.3 Crore,5 Marla,4,4,"MPCHS - Block F, MPCHS - Multi Gardens"
5 Marla Double Unit House For Slae,2.3 Crore,5 Marla,3,3,"MPCHS - Multi Gardens, B-17"
10 Marla Corner Luxury Brand New Double Unit House. Available For Sale in MPCHS Multi Gardens B-17 Islamabad.,4.1 Crore,10 Marla,7,,"MPCHS - Block F, MPCHS - Multi Gardens"
14Marla Double Unit House Available. For Sale In Multi Gardens MPCHS. B-17 Block B Islamabad.,5.8 Crore,12 Marla,6,6,"MPCHS - Block B, MPCHS - Multi Gardens"
5 Marla Double Storey Red Sun Transfer Redsun Villa B1 Block B17 Islamabad,2.1 Crore,5 Marla,,,"MPCHS - Block B Extension 1, MPCHS - Multi Gardens"
10 Marla Brand New Corner House For Sale In B17 Block C1,5.75 Crore,10 Marla,5,6,"MPCHS - Multi Gardens, B-17"
7 Marla House Available For Sale Multi Garden B17,3 Crore,7 Marla,4,5,"MPCHS - Multi Gardens, B-17"
B17 E Block 30x60 Brand New House Park Face House Available For Sale In Vary Reasonable Price,3.25 Crore,8 Marla,5,6,"MPCHS - Block E, MPCHS - Multi Gardens"
Buying A House In MPCHS - Block C Islamabad?,3.5 Crore,8 Marla,,,"MPCHS - Block C, MPCHS - Multi Gardens"
Brend New House Fmc Available For Sale,2.65 Crore,5 Marla,2,2,"MPCHS - Multi Gardens, B-17"
11 Marla Elegant House With A Scenic View,4.9 Crore,11 Marla,5,6,"MPCHS - Block B, MPCHS - Multi Gardens"
Mpchs Multi Garden B-17 Islamabad Brand New House Available For Sale VIP Location,4.29 Crore,9 Marla,6,,"MPCHS - Multi Gardens, B-17"
8 Marla Brand New Double Unit House Available For Sale Main Double Road House Boring Water Electric Meter Available,2.95 Crore,8 Marla,4,6,"MPCHS - Multi Gardens, B-17"
20 Marla Spacious House Is Available In MPCHS - Multi Gardens For Sale,8.49 Crore,1 Kanal,6,,"MPCHS - Multi Gardens, B-17"
C1 House Available For Sale,4.6 Crore,9 Marla,4,4,"MPCHS - Block C1, MPCHS - Multi Gardens"
5 Marla double unit shourt Corner house For sale block F,2.3 Crore,5 Marla,5,6,"MPCHS - Block F, MPCHS - Multi Gardens"
1 Kanal Brand New Designer House For Sale In Block B MPCHS Multi Gardens B-17 Islamabad.,9.5 Crore,1 Kanal,6,7,"MPCHS - Block B, MPCHS - Multi Gardens"
B17 C1 Block 10marla Brand New House Available For Sale In Vary Reasonable Price,4.1 Crore,10 Marla,6,6,"MPCHS - Block C1, MPCHS - Multi Gardens"
Designer Brand New House For Sale To Live And Investment,5.75 Crore,10 Marla,6,6,"MPCHS - Block C1, MPCHS - Multi Gardens"
MPCHS - Block A House For sale Sized 1 Kanal,8.5 Crore,1 Kanal,6,6,"MPCHS - Block A, MPCHS - Multi Gardens"
Prime Location 2450 Square Feet House In B-17 For sale At Good Location,3.1 Crore,10.9 Marla,3,3,"MPCHS - Block C, MPCHS - Multi Gardens"
5 Marla House In Stunning MPCHS - Block F Is Available For sale,2.5 Crore,5 Marla,4,4,"MPCHS - Block F, MPCHS - Multi Gardens"
5 Marla House For sale In MPCHS - Block C1 Islamabad,2.3 Crore,5 Marla,,,"MPCHS - Block C1, MPCHS - Multi Gardens"
House Of 5 Marla For Sale In MPCHS - Block F,2.5 Crore,5 Marla,4,4,"MPCHS - Block F, MPCHS - Multi Gardens"
10 Marla Spacious House Is Available In MPCHS - Block E For sale,3.25 Crore,10 Marla,6,6,"MPCHS - Block E, MPCHS - Multi Gardens"
Ready To Buy A House 5 Marla In MPCHS - Block F,2.35 Crore,5 Marla,4,4,"MPCHS - Block F, MPCHS - Multi Gardens"
5 Marla House In MPCHS - Block F Best Option,2.35 Crore,5 Marla,4,4,"MPCHS - Block F, MPCHS - Multi Gardens"
Buy A 5 Marla House For sale In MPCHS - Block F,2.35 Crore,5 Marla,4,4,"MPCHS - Block F, MPCHS - Multi Gardens"
Get In Touch Now To Buy A House In Islamabad,2.35 Crore,5 Marla,4,4,"MPCHS - Block F, MPCHS - Multi Gardens"
Want To Buy A House In Islamabad?,2.4 Crore,5 Marla,4,4,"MPCHS - Block F, MPCHS - Multi Gardens"
A Corner House Of 5 Marla In Rs. 24000000,2.4 Crore,5 Marla,4,5,"MPCHS - Block F, MPCHS - Multi Gardens"
Investors Should sale This House Located Ideally In B-17,2 Crore,5 Marla,4,5,"MPCHS - Block F, MPCHS - Multi Gardens"
House Spread Over 5 Marla In MPCHS - Block F Available,2 Crore,5 Marla,4,5,"MPCHS - Block F, MPCHS - Multi Gardens"
Get A 2275 Square Feet House For sale In MPCHS - Block C1,4.7 Crore,10.1 Marla,5,5,"MPCHS - Block C1, MPCHS - Multi Gardens"
House available for sale,2.5 Crore,7 Marla,3,3,"MPCHS - Multi Gardens, B-17"
C1 BLOCK 5 Marla Brand New Designer House Available For Sale In Mpchs Multi Gardens B17 Islamabad,2.7 Crore,5 Marla,5,6,"MPCHS - Block C1, MPCHS - Multi Gardens"
Kanal House For Sale In C Block At Very Investor Rate 10 Kv Solar System Installed,6.9 Crore,1 Kanal,6,6,"MPCHS - Multi Gardens, B-17"
House For sale In Beautiful MPCHS - Block C,3.5 Crore,7 Marla,,,"MPCHS - Block C, MPCHS - Multi Gardens"
End Your Search For House Here And Sale Now,3.3 Crore,7 Marla,,,"MPCHS - Block E, MPCHS - Multi Gardens"
C1 Block 5 Marla Home Brand Mew Ideal Location Available For Sale In b17 Islamabad,2.5 Crore,5 Marla,6,6,"MPCHS - Block C1, MPCHS - Multi Gardens"
8 Marla House for Sale in Faisal Margalla city B17 Islamabad,3.2 Crore,8 Marla,4,4,"MPCHS - Multi Gardens, B-17"
Multi Gardens F Block 5 Marla Structure House For Sale In B 17 Islamabad,1.25 Crore,5 Marla,3,2,"MPCHS - Block F, MPCHS - Multi Gardens"
Multi Gardens C Block 5 Marla Home Brand New Alive Location Near To Park Available For Sale In 17 Islamabad,2.3 Crore,5 Marla,4,5,"MPCHS - Block C1, MPCHS - Multi Gardens"
5 Marla Hot Location Luxury House Available For Sale,2.2 Crore,5 Marla,4,4,"MPCHS - Block F, MPCHS - Multi Gardens"
Prime Location In MPCHS - Block C1 House Sized 5 Marla For sale,2.4 Crore,5 Marla,4,4,"MPCHS - Block C1, MPCHS - Multi Gardens"
Prime Location House Of 5 Marla Available In MPCHS - Block F,2.3 Crore,5 Marla,2,2,"MPCHS - Block F, MPCHS - Multi Gardens"
10 Marla (35*70) Modern Design House For sale In Block A Multi Garden B17 Islamabad CDA Sector,5.2 Crore,10 Marla,5,6,"MPCHS - Multi Gardens, B-17"
Looking For A Prime Location House In Islamabad,2.4 Crore,5 Marla,4,4,"MPCHS - Block C1, MPCHS - Multi Gardens"
8 Marla House for Sale in Faisal Margalla city B17 Islamabad,3.2 Crore,8 Marla,4,4,"MPCHS - Multi Gardens, B-17"
Get A 5 Marla House For Sale In MPCHS - Multi Gardens,1.85 Crore,5 Marla,4,4,"MPCHS - Multi Gardens, B-17"
Ideal Location New Modern House For Sale,1.2 Crore,5 Marla,3,4,"MPCHS - Block F, MPCHS - Multi Gardens"
1 kanal Double Story house for sale in Multi Garden B 17 Islamabad block B,7.95 Crore,1 Kanal,6,6,"MPCHS - Block B, MPCHS - Multi Gardens"
Corner 5 Marla Designer House For Sale In FMC Adjacent To B17 C1 Block,4 Crore,5 Marla,6,6,"MPCHS - Multi Gardens, B-17"
House For Sale - Short Corner,2.35 Crore,5 Marla,4,5,"MPCHS - Block F, MPCHS - Multi Gardens"
1 kanal house for sale in Multi Garden B 17 Islamabad,9.5 Crore,1 Kanal,6,6,"MPCHS - Block B, MPCHS - Multi Gardens"
E Block 8 Marla House Available For Sale On Investor Rate Due To Need Payment,3.1 Crore,8 Marla,4,6,"MPCHS - Block C1, MPCHS - Multi Gardens"
10.8 MARLA CORNER HOUSE AVAILABLE FOR SALE ON INVESTOR RATE,4.2 Crore,10 Marla,6,7,"MPCHS - Multi Gardens, B-17"
Multi Gardens B17 Islamabad B Block 10.8 Marla Brand New House Available For Sale,5.2 Crore,10 Marla,5,6,"MPCHS - Multi Gardens, B-17"
Multi Gardens B17 E Block 8 Marla House Is Available For Sale,3.1 Crore,8 Marla,4,6,"MPCHS - Block E, MPCHS - Multi Gardens"
Multi Gardens B17 C Block 8 Marla Designer House Is Available For Sale,3.5 Crore,8 Marla,5,6,"MPCHS - Block C, MPCHS - Multi Gardens"
. Modern 10 Marla Corner House for Sale Prime Location in B-17 Multi Gardens,3.95 Crore,10 Marla,6,7,"MPCHS - Multi Gardens, B-17"
"14 Marla Triple Story Double Unit House for Sale in B-17 B Block Walking Distance to Markaz, Mosque & Market",7.8 Crore,14 Marla,9,6,"MPCHS - Block B, MPCHS - Multi Gardens"
B-17 II 7 Marla Luxury House II For Sale II Best Location Near to MDR,3.3 Crore,7 Marla,4,5,"MPCHS - Multi Gardens, B-17"
B-17 II 7 Marla Luxury House II For Sale II Best Location Near to MDR,3.1 Crore,7 Marla,4,4,"MPCHS - Multi Gardens, B-17"
Extra Luxury 5 Marla House For Sale In B-17 Islamabad,2.1 Crore,5 Marla,5,6,"MPCHS - Block F, MPCHS - Multi Gardens"
"Designer 1 Kanal Modern House For Sale In Multi Gardens B-17, Islamabad MPCHS",8.5 Crore,1 Kanal,6,6,"MPCHS - Multi Gardens, B-17"
"10 Marla Designer House for Sale B-17 Multi Gardens (MPCHS), Islamabad",4.6 Crore,10 Marla,5,6,"MPCHS - Multi Gardens, B-17"
Good Location House For Sale In Multi Garden B-17 Islamabad Block F Size (2550),2.2 Crore,12.2 Marla,4,4,"MPCHS - Multi Gardens, B-17"
Brand New house of 8 Marla MPCHS B17 Block C available for sale,3.3 Crore,8 Marla,4,4,"MPCHS - Block C, MPCHS - Multi Gardens"
Multi Gardens B17 Block 8 Marla House Is Available For Sale,3.1 Crore,8 Marla,4,6,"MPCHS - Multi Gardens, B-17"
5 Marla House In Block F available For Sale on Instalment Multi Garden B17 Islamabad,2.5 Crore,5 Marla,4,4,"MPCHS - Block F, MPCHS - Multi Gardens"
Brand New House # 917 (Short Corner) For Sale To Live And Investment.,5.75 Crore,10 Marla,5,5,"MPCHS - Block C1, MPCHS - Multi Gardens"
Direct Owner Of House No: 386 H 8 Marla Brand New Double Unit House. Available For Sale In Multi Gardens. MPCHS Block C B-17 Islamabad,3.5 Crore,8 Marla,4,4,"MPCHS - Multi Gardens, B-17"
"10 Marla House for Sale in Multi Gardens B-17, MPCHS (CDA Sector), Islamabad",4.5 Crore,10 Marla,5,5,"MPCHS - Block C, MPCHS - Multi Gardens"
"1 Kanal House for Sale B-17 MPCHS Block C, Islamabad Ideal for Living or Investment!",9.5 Crore,1 Kanal,6,6,"MPCHS - Block C, MPCHS - Multi Gardens"
Prime Location Golden Opportunity!,2.3 Crore,5.5 Marla,3,4,"MPCHS - Block F, MPCHS - Multi Gardens"
A House Of 2275 Square Feet In Islamabad,5.75 Crore,10.1 Marla,5,6,"MPCHS - Block C1, MPCHS - Multi Gardens"
Designer Brand New house for sale to live and investment.,5.5 Crore,10 Marla,5,6,"MPCHS - Block C1, MPCHS - Multi Gardens"
5 Marla Sun Face Front Open. Brand New Double Unit House. Available For Sale in Multi Gardens. MPCHS B-17 Islamabad.,2.2 Crore,5 Marla,,4,"MPCHS - Multi Gardens, B-17"
5 Marla In Block F Brand New Double Unit House. Available For Sale in Multi Gardens. MPCHS B-17 Islamabad.,2.25 Crore,5 Marla,4,4,"MPCHS - Block F, MPCHS - Multi Gardens"
Double Story House For Sale B17,2.75 Crore,7 Marla,5,6,"MPCHS - Block C1, MPCHS - Multi Gardens"
5 Marla Double Unit House For Sale B-17 Multi Gardens (MPCHS),2.8 Crore,5 Marla,4,6,"MPCHS - Multi Gardens, B-17"
"Corner Eltra Modern 10 Marla House For Sale In Multi Gardens B-17, MPCHS",5.75 Crore,10 Marla,6,6,"MPCHS - Multi Gardens, B-17"
"8 Marla Designer House For Sale In Multi Gardens B-17, MPCHS Islamabad FMC",3.95 Crore,8 Marla,5,6,"MPCHS - Multi Gardens, B-17"
"5 Marla House For Sale In FMC, Multi Gardens B-17 CDA Sector Islamabad",2.35 Crore,5 Marla,4,6,"MPCHS - Multi Gardens, B-17"
8 Marla Corner House For Sale In Multi Garden B17 MPCHS Islamabad A CDA Sector A CDA Project,3.5 Crore,8 Marla,6,6,"MPCHS - Multi Gardens, B-17"
"8 Marla Corner House For Sale In Multi Gardens B-17, MPCHS (CDA Sector), Islamabad",3.45 Crore,8 Marla,5,6,"MPCHS - Multi Gardens, B-17"
Designer 1 Kanal House For Sale Multi Garden B17 MPCHS A CDA Sector,10.5 Crore,1 Kanal,9,6,"MPCHS - Multi Gardens, B-17"
House For Sale In Multi Garden B17 MPCHS (FMC),3.1 Crore,8 Marla,5,6,"MPCHS - Multi Gardens, B-17"
5 Marla House For Sale In Multi Garden B17 MPCHS A CDA Sector,1.9 Crore,5 Marla,5,6,"MPCHS - Multi Gardens, B-17"
House For Sale In Multi Garden B17 MPCHS A CDA Sector,2.5 Crore,5 Marla,4,6,"MPCHS - Multi Gardens, B-17"
"Designer House For Sale in Block C1 - MPCHS, Multi Garden B17 Islamabad, House For Sale In CDA Sector, Islamabad",4.5 Crore,10 Marla,5,6,"MPCHS - Multi Gardens, B-17"
Designer House For Sale In MPCHS Multi Garden B17 CDA Sector,3.15 Crore,8 Marla,5,6,"MPCHS - Multi Gardens, B-17"
Designer House For Sale In MPCHS Multi Garden B17 CDA Sector,3.7 Crore,8 Marla,5,6,"MPCHS - Multi Gardens, B-17"
"House For Sale MPCHS Multi Garden B17, A CDA Sector",3.45 Crore,8 Marla,5,6,"MPCHS - Multi Gardens, B-17"
MPCHS Multi Garden B17 Islamabad Designer House For Sale In CDA Sector Islamabad,3.15 Crore,8 Marla,5,6,"MPCHS - Multi Gardens, B-17"
"Designer House For Sale in Block C1 - MPCHS, Multi Garden B17 Islamabad, House For Sale In CDA Sector, Islamabad",4.7 Crore,10 Marla,5,6,"MPCHS - Multi Gardens, B-17"
Designer 10 Marla House For Sale In Multi Garden B17 MPCHS A CDA Sector,4.7 Crore,10 Marla,5,6,"MPCHS - Multi Gardens, B-17"
Affordable House For Sale In MPCHS - Block F,2.1 Crore,5.6 Marla,,,"MPCHS - Block F, MPCHS - Multi Gardens"
Looking For A House In MPCHS - Block C1 Islamabad,2.3 Crore,5 Marla,,,"MPCHS - Block C1, MPCHS - Multi Gardens"
Affordable House Available For Sale In MPCHS - Block C1,2.3 Crore,5 Marla,,,"MPCHS - Block C1, MPCHS - Multi Gardens"
Property For sale In MPCHS - Block E Islamabad Is Available Under Rs. 42000000,4.2 Crore,7 Marla,,,"MPCHS - Block E, MPCHS - Multi Gardens"
"30x60 7 Marla Double Storey Double Unit House Available For Sale In Block E,CDA Sector B-17",2.4 Crore,7 Marla,4,4,"MPCHS - Block E, MPCHS - Multi Gardens"
Top Quality 1 Kanal Designer House in B-17,8.5 Crore,1 Kanal,6,7,"MPCHS - Multi Gardens, B-17"
Luxury House For Sale In Multi Garden B-17 Islamabad,7.5 Crore,1 Kanal,7,6,"MPCHS - Block B, MPCHS - Multi Gardens"
Brand New House For Sale In Multi Garden B-17 Islamabad,5.25 Crore,10.9 Marla,4,6,"MPCHS - Block C, MPCHS - Multi Gardens"
You Can Find A Gorgeous House For Sale In MPCHS - Block C1,4.1 Crore,10 Marla,5,,"MPCHS - Block C1, MPCHS - Multi Gardens"
"**Exquisite 6-Bedroom Luxury Home for Sale in Prestigious Multi Gardens, Islamabad**",6 Crore,10 Marla,6,6,"MPCHS - Block C1, MPCHS - Multi Gardens"
"10 Marla 35-70 Size Brand New Double Storey Double Unit For Sale In ,B-17 Block B1 Islamabad",4.8 Crore,10 Marla,6,6,"MPCHS - Multi Gardens, B-17"
5 Marla Brand New Luxury House For Sale In F Block B. 17 Islamabad,2.1 Crore,5 Marla,4,5,"MPCHS - Block F, MPCHS - Multi Gardens"
8 Marla Double Unit House Available For Sale In Multi Gardens MPCHS B-17 In Block E Islamabad,3 Crore,8 Marla,4,6,"MPCHS - Block E, MPCHS - Multi Gardens"
14 Marla Double Unit Brand New House Available. For Sale in Multi Gardens MPCHS. B-17 Block B Islamabad.,5.8 Crore,14 Marla,6,6,"MPCHS - Block B, MPCHS - Multi Gardens"
7 Marla Brand New House For Sale,3.25 Crore,8 Marla,4,6,"MPCHS - Block E, MPCHS - Multi Gardens"
30*60 House For Sale In E Block B 17 Islamabad,2.5 Crore,8 Marla,4,5,"MPCHS - Block E, MPCHS - Multi Gardens"
5 Marla Full Furnished Luxury House In B 17 Block C 1,2.5 Crore,5 Marla,4,5,"MPCHS - Block C1, MPCHS - Multi Gardens"
5 Marla Designer House For Sale In Multi Garden B 17 Islamabad,2.6 Crore,5 Marla,4,6,"MPCHS - Block C1, MPCHS - Multi Gardens"
8 Marla Brand New House For Sale,3.1 Crore,8 Marla,5,6,"MPCHS - Block E, MPCHS - Multi Gardens"
8 Marla Brand New Luxury House For Sale In Multi Garden B 17 Islamabad Block C,4.25 Crore,8 Marla,5,6,"MPCHS - Block C, MPCHS - Multi Gardens"
5 Marla Beautiful House For Sale In Multi Garden B 17 Islamabad,2.5 Crore,5 Marla,4,5,"MPCHS - Block C1, MPCHS - Multi Gardens"
5 Marla Brand New Modern Design House For Sale In Multi Garden B 17 Islamabad,2.3 Crore,5 Marla,4,5,"MPCHS - Block F, MPCHS - Multi Gardens"
8 Marla House For Sale In E Block Multi Garden B 17 Islamabad,2.6 Crore,8 Marla,4,6,"MPCHS - Block E, MPCHS - Multi Gardens"
5 Marla Brand New House for Sale in Multi Garden B 17 Islamabad,2 Crore,5 Marla,4,5,"MPCHS - Block F, MPCHS - Multi Gardens"
10 Marla Luxury House For Sale In Multi Garden B 17 Islamabad,5.25 Crore,10 Marla,6,6,"MPCHS - Block B, MPCHS - Multi Gardens"
8 Marla Brand New Luxury House For Sale In Multi Garden B 17 Islamabad,3.25 Crore,8 Marla,5,6,"MPCHS - Block C, MPCHS - Multi Gardens"
Luxury House For Sale In Multi Garden B 17 Islamabad,2.7 Crore,7 Marla,4,5,"MPCHS - Block E, MPCHS - Multi Gardens"
5 Marla Brand New Luxury House For Sale In Multi Garden B 17 Islamabad,2.5 Crore,5 Marla,4,5,"MPCHS - Block F, MPCHS - Multi Gardens"
5 Marla Brand New Single Unit Double Storey House For Sale In Multi Garden B 17 Islamabad,2.25 Crore,5 Marla,3,5,"MPCHS - Block F, MPCHS - Multi Gardens"
5 Marla Brand New House For Sale In Multi Garden B 17 Islamabad,2.8 Crore,5 Marla,4,6,"MPCHS - Block C1, MPCHS - Multi Gardens"
Corner Luxury House For Sale In Multi Garden B 17 Islamabad Block E,3.95 Crore,8 Marla,4,6,"MPCHS - Multi Gardens, B-17"
10 Marla Brand New House For Sale In Multi Garden B 17 Islamabad,3.7 Crore,10 Marla,5,6,"MPCHS - Multi Gardens, B-17"
30*60 Brand New Luxury House For Sale In Multi Garden B 17 Islamabad,3.5 Crore,8 Marla,5,6,"MPCHS - Block C, MPCHS - Multi Gardens"
5 Marla Brand New House For Sale In Multi Garden B 17 Islamabad,2 Crore,5 Marla,4,6,"MPCHS - Block F, MPCHS - Multi Gardens"
5 Marla Brand New House For Sale In Multi Garden B 17 Islamabad,2.25 Crore,5 Marla,4,5,"MPCHS - Block F, MPCHS - Multi Gardens"
5 Marla House In Mpchs For Sale Islamabad Pakistan,1.85 Crore,5.6 Marla,4,5,"MPCHS - Block C1, MPCHS - Multi Gardens"
5 Marla House In Mpchs Islamabad Pakistan For Sale,2.4 Crore,5.6 Marla,5,6,"MPCHS - Block C1, MPCHS - Multi Gardens"
5 Marla house in mpchs Islamabad Pakistan for sale,2.5 Crore,5.6 Marla,4,6,"MPCHS - Block C1, MPCHS - Multi Gardens"
Good Location 5 Marla House For Sale,2.1 Crore,5 Marla,5,6,"MPCHS - Multi Gardens, B-17"
1250 Square Feet House In Stunning MPCHS - Block B Extension 1 Is Available For Sale,2.2 Crore,5.6 Marla,,,"MPCHS - Block B Extension 1, MPCHS - Multi Gardens"
5 Marla House For Sale,1.7 Crore,5 Marla,4,5,"MPCHS - Multi Gardens, B-17"
Top Location 5 Marla House,2.6 Crore,5 Marla,5,5,"MPCHS - Multi Gardens, B-17"
7 Marla Brand New Double Unit House. Available For Sale in MPCHS Multi Gardens. In Block E B-17 Islamabad.,3 Crore,7 Marla,4,6,"MPCHS - Block E, MPCHS - Multi Gardens"
10 Marla House For Sale In Multi Gardens B-17 Islamabad,4 Crore,10 Marla,6,7,"MPCHS - Block F, MPCHS - Multi Gardens"
"5 MARLA TRIPLE STORY HOUSE FOR SALE IN MULTI GARDENS,B-17, ISLAMABAD",2.5 Crore,5 Marla,5,6,"MPCHS - Block F, MPCHS - Multi Gardens"
"MPCHS, B-17 House For Sale In B/1 Block",2.15 Crore,5 Marla,3,3,"MPCHS - Block B Extension 1, MPCHS - Multi Gardens"
B-17 B Block 10 Marla House For Sale,4 Crore,10 Marla,6,6,"MPCHS - Block B, MPCHS - Multi Gardens"
"B-17, 10 Marla, House For Sale",5.8 Crore,10 Marla,5,6,"MPCHS - Block B, MPCHS - Multi Gardens"
House Of 5 Marla Is Available For Sale In MPCHS - Block E,1.85 Crore,5 Marla,4,4,"MPCHS - Block E, MPCHS - Multi Gardens"
B-17 II 5 Marla Luxury House II For Sale II Best Location Near To MDR,2.35 Crore,5 Marla,4,5,"MPCHS - Multi Gardens, B-17"
Beautiful 14 Marla House For Sale,5.5 Crore,14 Marla,6,6,"MPCHS - Block C, MPCHS - Multi Gardens"
5 Marla House In Block B1 Extension Redsun Villa Is For Sale,1.96 Crore,5.6 Marla,3,3,"MPCHS - Block B Extension 1, MPCHS - Multi Gardens"
Brand New 5 Marla House For Sale In B -17 Block C-1 Near To Family Park,2.4 Crore,5 Marla,3,4,"MPCHS - Block C1, MPCHS - Multi Gardens"
Designer+Corner House Available for sale in Multi Garden B-17 Islamabad,5.7 Crore,10 Marla,5,5,"MPCHS - Block C1, MPCHS - Multi Gardens"
Brand New House Double Heighted,2.2 Crore,5 Marla,3,4,"MPCHS - Block F, MPCHS - Multi Gardens"
House Available For Sale B17 Multi Garden Brand New 5 Marla,2.6 Crore,5 Marla,6,6,"MPCHS - Multi Gardens, B-17"
Beautiful Newly Constructed 5 Marla |F-Block|B-17,2 Crore,5 Marla,4,4,"MPCHS - Block F, MPCHS - Multi Gardens"
8 Marla Corner House For Sale In Multi Garden B17 MPCHS Islamabad A CDA Sector,3.7 Crore,8 Marla,5,6,"MPCHS - Multi Gardens, B-17"
"8 Marla House for Sale in Multi Gardens B-17, MPCHS Islamabad",2.7 Crore,8 Marla,5,6,"MPCHS - Multi Gardens, B-17"
10 Marla Beautiful House For Sale,5.8 Crore,10 Marla,6,6,"MPCHS - Block B, MPCHS - Multi Gardens"
1 Kanal Brand New with Solar 15 KW. Double Unit House Available For Sale. Multi Gardens MPCHS B-17 Block A Islamabad.,8.5 Crore,1 Kanal,9,6,"MPCHS - Block A, MPCHS - Multi Gardens"
Beautifully Built 10 Marla House For Sale In Prime Location Of B-17 Islamabad,4 Crore,10 Marla,5,5,"MPCHS - Block B, MPCHS - Multi Gardens"
Brand New House Available For Sale In B-17 Block F,1.8 Crore,5 Marla,3,3,"MPCHS - Block F, MPCHS - Multi Gardens"
14 Marla House In Mpchs Foe Sale On Investor Rate Islamabad,4.75 Crore,14.2 Marla,,,"MPCHS - Block B, MPCHS - Multi Gardens"
5 Marla House For Sale In FMC Multi Garden B17 MPCHS Islamabad A CDA,2.55 Crore,5 Marla,5,6,"MPCHS - Multi Gardens, B-17"
5 Marla House For Sale In Multi Garden B17 MPCHS A CDA Sector,2.8 Crore,5 Marla,4,6,"MPCHS - Multi Gardens, B-17"
8 Marla Brand New Cornor House In Mpchs B17 Islamabad For Sale,3.6 Crore,8 Marla,6,7,"MPCHS - Block C1, MPCHS - Multi Gardens"
Brand New Double Storey House 5 Bed 2 Kitchen For Sale,2.8 Crore,8 Marla,5,6,"MPCHS - Block E, MPCHS - Multi Gardens"
MPCH House For Sale 10 Marla Prime Location,5.75 Crore,10 Marla,5,6,"MPCHS - Multi Gardens, B-17"
This Is Your Chance To Buy House In MPCHS - Block B,7.9 Crore,14 Marla,5,6,"MPCHS - Block B, MPCHS - Multi Gardens"
Corner 8 Marla Brand New House Available For Sale in Multi Gardens MPCHS B-17. In Block E Islamabad.,3 Crore,8 Marla,4,5,"MPCHS - Block E, MPCHS - Multi Gardens"
CHANCE DEAL 4 BED BEAUTIFUL HOUSE 60 FEET ROAD,2.15 Crore,5 Marla,4,5,"MPCHS - Block F, MPCHS - Multi Gardens"
Beautiful Furnished House For Sale,5.25 Crore,10 Marla,6,6,"MPCHS - Block B, MPCHS - Multi Gardens"
Mpchs Multi Gardens B-17 Islamabad 5 Marla Ultra Modern House Available For Sale 24/7 Borking Water Electric Meter Available Near Market Masjid School Park Everything Available On Walking Distance,2.4 Crore,5 Marla,3,4,"MPCHS - Block F, MPCHS - Multi Gardens"
House For Sell Fmc,2.96 Crore,5 Marla,5,5,"MPCHS - Multi Gardens, B-17"
"7 Marla House Available For Sale In MPCHS - Multi Gardens, Islamabad",3.8 Crore,7 Marla,4,4,"MPCHS - Multi Gardens, B-17"
8 Marla Corner Brand New Luxury House For Sale In E Block Multi Garden B 17 Islamabad,3.15 Crore,8 Marla,4,6,"MPCHS - Block E, MPCHS - Multi Gardens"
5 Marla Brand New House For Sale,1.95 Crore,5 Marla,3,4,"MPCHS - Block F, MPCHS - Multi Gardens"
8 Marla 65% Complete Owner Build Gray Structure House For Sale,2.35 Crore,8 Marla,4,6,"MPCHS - Block F, MPCHS - Multi Gardens"
5 Marla Brand New House For Sale In Multi Garden B 17 Islamabad,2.35 Crore,5 Marla,5,6,"MPCHS - Block F, MPCHS - Multi Gardens"
"8 Marla Designer House for Sale in Multi Gardens B-17, MPCHS Islamabad",3.5 Crore,8 Marla,5,6,"MPCHS - Multi Gardens, B-17"
BEST LOCATION HOUSE FOR SALE PRICE ONLY 175 LAC DEMAND,1.75 Crore,5 Marla,4,5,"MPCHS - Block F, MPCHS - Multi Gardens"
"10 Marla House for Sale in Multi Gardens B-17, MPCHS (CDA Sector), Islamabad",4.5 Crore,10 Marla,5,6,"MPCHS - Multi Gardens, B-17"
30x60 Newly Built House For Sale In B-17,3.5 Crore,8 Marla,6,4,"MPCHS - Multi Gardens, B-17"
8 Marla Basement House For Sale In B-17 Multi Gardens MPCHS Prime Location Near E Block Commercial & Masjid,3.75 Crore,8 Marla,7,6,"MPCHS - Multi Gardens, B-17"
"Modern Design Double-Unit House In Block C1 - MPCHS, Multi Gardens B-17, Islamabad CDA SECTOR",2.8 Crore,5 Marla,5,5,"MPCHS - Multi Gardens, B-17"
"8 Marla House for Sale in Multi Gardens B-17, MPCHS A CDA Approved Project, Islamabad",3 Crore,8 Marla,6,6,"MPCHS - Multi Gardens, B-17"
"14 Marla House For Sale In Multi Gardens B-17, MPCHS, Islamabad Prime Location",6.8 Crore,14 Marla,6,6,"MPCHS - Multi Gardens, B-17"
7 Marla Brand New House For Sale,3.6 Crore,7 Marla,4,4,"MPCHS - Block E, MPCHS - Multi Gardens"
10 Marla Designer House For Sale In MPCHS B17 Islamabad,4.95 Crore,10 Marla,6,6,"MPCHS - Block B Extension 1, MPCHS - Multi Gardens"
Brand New Luxury House For Sale In B-Block Multi Garden B-17 Islamabad,6.6 Crore,14.2 Marla,6,6,"MPCHS - Block B, MPCHS - Multi Gardens"
10 Marla House In Mpchs Islamabad Pakistan For Sale,3.7 Crore,10.9 Marla,6,7,"MPCHS - Block B, MPCHS - Multi Gardens"
8 Marla House for Sale in B-17 Islamabad | Near Double Road | 2nd to Corner,3.35 Crore,8 Marla,4,5,"MPCHS - Multi Gardens, B-17"
Beautiful Duplex House For Sale!,2.2 Crore,5 Marla,4,4,"MPCHS - Block C1, MPCHS - Multi Gardens"
5 Marla Front Open House For Sale,2.3 Crore,5 Marla,5,5,"MPCHS - Block F, MPCHS - Multi Gardens"
Double Road House 25x50 F Block B-17 Islamabad,2.15 Crore,5 Marla,4,4,"MPCHS - Multi Gardens, B-17"
Luxury House For Sale In MPCHS B-17,7.5 Crore,1 Kanal,6,6,"MPCHS - Multi Gardens, B-17"
Good Location House Available For Sale In B-17 Block B,4.6 Crore,10 Marla,6,6,"MPCHS - Block B, MPCHS - Multi Gardens"
10 Marla House For Sale In B17 Islamabad,5.5 Crore,10 Marla,5,5,"MPCHS - Block B, MPCHS - Multi Gardens"
House For Sale B17 Multi Garden Islamabad,2.6 Crore,5 Marla,5,6,"MPCHS - Multi Gardens, B-17"
5 Marla House For Sale In F Block B-17 Multi Gardens,2.3 Crore,5 Marla,4,4,"MPCHS - Block F, MPCHS - Multi Gardens"
A Very Beautiful House Availible For Sale,2.7 Crore,6 Marla,5,5,"MPCHS - Multi Gardens, B-17"
Good location House for sale in multi garden B-17 islamabad Block C,7 Crore,1 Kanal,6,6,"MPCHS - Multi Gardens, B-17"
5 Marla Luxury House For Sale In Multi Garden B 17 Islamabad,2.15 Crore,5 Marla,4,5,"MPCHS - Block F, MPCHS - Multi Gardens"
Best Opportunity To Get Brand New House On Instalment In B-17 Multi Gardens Block C,2.63 Crore,6.3 Marla,4,4,"MPCHS - Block C, MPCHS - Multi Gardens"
4.5 Marla Furnished Villa For Sale In Multi Garden B-17 Islamabad Block C1,1.45 Crore,4.5 Marla,3,4,"MPCHS - Block C1, MPCHS - Multi Gardens"
House For Sale In Multi Garden B 17 Islamabad,2.8 Crore,5 Marla,4,6,"MPCHS - Block C1, MPCHS - Multi Gardens"
Beautiful House For Sell B17 Multi Garden Islamabad,2.3 Crore,5 Marla,4,4,"MPCHS - Multi Gardens, B-17"
10 Marla Brand New House For Sale In Multi Garden B 17 Islamabad,4.1 Crore,10 Marla,6,6,"MPCHS - Block C1, MPCHS - Multi Gardens"
10 Marla Brand New Luxury House For Sale In Multi Garden B 17 Islamabad Block C1,5.7 Crore,10 Marla,7,6,"MPCHS - Block C1, MPCHS - Multi Gardens"
Brand New 30x60 Corner House For Sale In B-17 Block C-1,3.5 Crore,8 Marla,6,6,"MPCHS - Block C1, MPCHS - Multi Gardens"
B-17 Islamabad 5 Marla Brand New House Available For Sale,2.2 Crore,5 Marla,4,4,"MPCHS - Block F, MPCHS - Multi Gardens"
